City_ID,City,Country,Date,Lat,Lng,Max Temp,Humidity,Cloudiness,Wind Speed
0,Barrow,US,2021-07-23 20:00:02,71.2906,-156.7887,37.42,93,90,14.97
1,Mahebourg,MU,2021-07-23 20:01:04,-20.4081,57.7,68.25,70,58,10.85
2,Tahta,EG,2021-07-23 20:03:26,26.7693,31.5021,90.88,23,0,6.96
3,Bambous Virieux,MU,2021-07-23 20:02:01,-20.3428,57.7575,68.22,70,61,11.05
4,Albany,US,2021-07-23 19:57:56,42.6001,-73.9662,78.58,57,59,1.01
5,Nesna,NO,2021-07-23 20:03:26,66.1967,13.0213,54.12,94,100,10.94
6,Ponta Do Sol,PT,2021-07-23 20:03:27,32.6667,-17.1,73.71,74,1,5.01
7,Irbit,RU,2021-07-23 20:03:28,57.6705,63.071,60.87,78,100,0.85
8,Chapais,CA,2021-07-23 20:03:28,49.7834,-74.8492,75.61,31,95,4.38
9,Ushuaia,AR,2021-07-23 19:56:50,-54.8,-68.3,40.62,87,75,27.63
10,Sao Francisco Do Sul,BR,2021-07-23 20:03:28,-26.2433,-48.6381,68.13,79,1,5.5
11,Surt,LY,2021-07-23 20:03:29,31.2089,16.5887,80.24,69,0,8.19
12,Qaanaaq,GL,2021-07-23 20:01:57,77.484,-69.3632,43.57,57,23,1.66
13,Kandrian,PG,2021-07-23 20:03:29,-6.2167,149.55,77.0,91,99,7.63
14,Varkaus,FI,2021-07-23 20:03:30,62.3153,27.873,54.3,68,87,4.79
15,Dwarka,IN,2021-07-23 20:02:43,22.2394,68.9678,82.47,84,100,16.98
16,Coihaique,CL,2021-07-23 20:02:35,-45.5752,-72.0662,40.87,84,61,7.49
17,East London,ZA,2021-07-23 19:58:50,-33.0153,27.9116,53.76,66,96,4.92
18,Muros,ES,2021-07-23 20:03:31,42.7762,-9.0603,65.23,88,38,8.77
19,Komsomolskiy,UZ,2021-07-23 20:03:31,40.4272,71.7189,78.22,25,0,2.64
20,Amapa,BR,2021-07-23 20:03:32,1.0,-52.0,86.18,53,97,5.41
21,Nikolskoye,RU,2021-07-23 20:02:04,59.7035,30.7861,61.81,67,90,0.98
22,Mar Del Plata,AR,2021-07-23 19:59:09,-38.0023,-57.5575,68.02,59,0,11.99
23,Lauf,DE,2021-07-23 20:03:32,48.65,8.1333,71.76,73,38,6.91
24,Qadirpur Ran,PK,2021-07-23 20:03:32,30.2924,71.6712,91.29,50,100,9.44
25,Fare,PF,2021-07-23 20:03:33,-16.7,-151.0167,77.81,67,11,14.32
26,Isangel,VU,2021-07-23 20:02:20,-19.55,169.2667,75.49,86,8,4.61
27,Saiha,IN,2021-07-23 20:03:33,22.4833,92.9667,71.4,97,100,2.73
28,Fillan,NO,2021-07-23 20:03:34,63.6064,8.9696,54.84,87,100,8.7
29,Talnakh,RU,2021-07-23 20:02:06,69.4865,88.3972,58.48,62,100,12.8
30,Cidreira,BR,2021-07-23 20:02:24,-30.1811,-50.2056,62.46,74,1,8.43
31,Tuktoyaktuk,CA,2021-07-23 20:02:18,69.4541,-133.0374,51.75,62,80,10.71
32,Bredasdorp,ZA,2021-07-23 20:01:49,-34.5322,20.0403,47.89,77,0,14.16
33,Tamandare,BR,2021-07-23 20:01:08,-8.7597,-35.1047,75.88,78,25,11.21
34,Busselton,AU,2021-07-23 20:02:13,-33.65,115.3333,49.08,60,98,14.7
35,Yellowknife,CA,2021-07-23 20:01:58,62.456,-114.3525,74.32,64,75,10.36
36,Punta Arenas,CL,2021-07-23 20:03:35,-53.15,-70.9167,41.11,75,21,16.87
37,Roald,NO,2021-07-23 20:03:35,62.5833,6.1333,67.15,88,0,11.5
38,Torbay,CA,2021-07-23 20:03:36,47.6666,-52.7314,65.28,91,98,9.42
39,Kapaa,US,2021-07-23 20:01:38,22.0752,-159.319,82.38,79,25,4.0
40,Norman Wells,CA,2021-07-23 20:00:09,65.282,-126.8329,64.04,59,86,12.68
41,New Norfolk,AU,2021-07-23 20:03:36,-42.7826,147.0587,43.75,80,66,3.33
42,Hermanus,ZA,2021-07-23 19:57:30,-34.4187,19.2345,50.9,75,0,13.13
43,Taltal,CL,2021-07-23 20:01:50,-25.4,-70.4833,58.39,76,96,2.89
44,Tiksi,RU,2021-07-23 20:02:11,71.6872,128.8694,42.66,87,96,5.21
45,Port Elizabeth,ZA,2021-07-23 20:02:20,-33.918,25.5701,47.1,66,71,7.07
46,Forestville,US,2021-07-23 20:03:37,38.8451,-76.875,88.36,38,20,1.01
47,Jamestown,US,2021-07-23 20:00:22,42.097,-79.2353,79.09,55,9,4.0
48,Ahipara,NZ,2021-07-23 20:02:47,-35.1667,173.1667,49.53,88,4,3.71
49,Karratha,AU,2021-07-23 20:03:38,-20.7377,116.8463,69.76,39,7,10.2
50,Micheweni,TZ,2021-07-23 20:01:47,-4.9667,39.8333,76.12,75,43,17.16
51,Cape Town,ZA,2021-07-23 19:59:33,-33.9258,18.4232,52.21,60,0,5.75
52,Gloversville,US,2021-07-23 20:03:38,43.0528,-74.3438,77.95,82,87,1.01
53,Upernavik,GL,2021-07-23 20:03:39,72.7868,-56.1549,40.28,93,100,3.8
54,Mataura,NZ,2021-07-23 20:01:54,-46.1927,168.8643,41.49,89,39,3.42
55,Port Blair,IN,2021-07-23 20:03:39,11.6667,92.75,81.32,84,100,21.47
56,Lebu,CL,2021-07-23 20:02:45,-37.6167,-73.65,52.61,77,100,19.15
57,Vaini,TO,2021-07-23 20:02:14,-21.2,-175.2,75.63,84,11,8.19
58,Dingle,PH,2021-07-23 20:03:40,10.9995,122.6711,78.17,86,100,12.17
59,Arraial Do Cabo,BR,2021-07-23 20:01:48,-22.9661,-42.0278,69.69,66,0,17.27
60,Faya,SA,2021-07-23 20:03:40,18.3851,42.4509,64.63,72,87,1.77
61,Cedral,MX,2021-07-23 20:03:41,23.8,-100.7333,79.43,27,9,15.84
62,Zhezkazgan,KZ,2021-07-23 20:03:41,47.8043,67.7144,81.3,28,0,6.78
63,Avarua,CK,2021-07-23 19:58:52,-21.2078,-159.775,77.05,73,2,8.05
64,Chifeng,CN,2021-07-23 19:59:51,42.2683,118.9636,71.71,76,95,6.24
65,Male,MV,2021-07-23 20:03:42,4.1748,73.5089,82.44,77,77,10.47
66,Lubango,AO,2021-07-23 20:03:42,-14.9172,13.4925,56.12,18,0,5.57
67,Hilo,US,2021-07-23 20:00:11,19.7297,-155.09,77.25,89,90,0.0
68,Mattru,SL,2021-07-23 20:03:42,7.6244,-11.8332,72.95,97,100,5.73
69,Lasem,ID,2021-07-23 20:03:43,-6.6922,111.4527,75.47,81,3,7.74
70,Saint-Philippe,RE,2021-07-23 20:02:19,-21.3585,55.7679,67.59,70,43,7.61
71,Rikitea,PF,2021-07-23 20:01:52,-23.1203,-134.9692,71.37,67,99,16.98
72,Touros,BR,2021-07-23 20:03:43,-5.1989,-35.4608,79.5,72,4,16.84
73,Bluff,NZ,2021-07-23 20:02:24,-46.6,168.3333,41.81,87,87,10.63
74,Klaksvik,FO,2021-07-23 20:03:44,62.2266,-6.589,52.72,91,95,17.27
75,Hamilton,US,2021-07-23 19:59:35,39.1834,-84.5333,87.49,54,8,3.0
76,Te Anau,NZ,2021-07-23 20:02:13,-45.4167,167.7167,38.28,94,40,1.07
77,Mildura,AU,2021-07-23 20:03:45,-34.2,142.15,45.07,92,80,13.13
78,Saldanha,ZA,2021-07-23 19:59:41,-33.0117,17.9442,44.65,65,0,9.04
79,Ayan,RU,2021-07-23 20:03:45,56.45,138.1667,59.5,88,100,8.77
80,Lundazi,ZM,2021-07-23 20:03:46,-12.2929,33.1782,61.95,68,32,9.24
81,Chokurdakh,RU,2021-07-23 20:02:32,70.6333,147.9167,39.02,74,66,12.19
82,Tabuk,PH,2021-07-23 20:01:48,17.4189,121.4443,77.04,85,100,2.68
83,Mitu,CO,2021-07-23 20:03:46,1.1983,-70.1733,79.92,88,69,2.39
84,Sitka,US,2021-07-23 20:02:38,57.0531,-135.33,57.09,88,90,8.05
85,Kavieng,PG,2021-07-23 19:59:29,-2.5744,150.7967,82.04,78,19,13.4
86,Roma,US,2021-07-23 20:00:07,43.2128,-75.4557,72.63,68,83,5.41
87,Chuy,UY,2021-07-23 20:02:15,-33.6971,-53.4616,65.05,78,5,4.29
88,Atuona,PF,2021-07-23 20:01:56,-9.8,-139.0333,76.91,77,58,11.07
89,Roseland,US,2021-07-23 20:03:47,38.4221,-122.728,106.02,35,1,4.0
90,Asau,RO,2021-07-23 20:03:48,46.4333,26.4,63.39,80,16,2.8
91,Kloulklubed,PW,2021-07-23 20:03:48,7.0419,134.2556,85.05,69,100,12.71
92,Georgetown,MY,2021-07-23 20:01:52,5.4112,100.3354,83.89,84,20,0.0
93,Jalu,LY,2021-07-23 20:03:49,29.0331,21.5482,85.48,37,0,16.53
94,Sinnar,SD,2021-07-23 20:03:49,13.5691,33.5672,83.77,61,100,9.35
95,Rawson,AR,2021-07-23 19:59:06,-43.3002,-65.1023,53.74,32,2,14.92
96,Tilichiki,RU,2021-07-23 20:03:49,60.4667,166.1,51.53,88,100,3.15
97,Puerto Ayora,EC,2021-07-23 20:02:35,-0.7393,-90.3518,74.55,87,95,11.99
98,Hobart,AU,2021-07-23 20:01:49,-42.8794,147.3294,44.11,84,81,3.0
99,Kingston Upon Hull,GB,2021-07-23 19:59:07,53.7446,-0.3353,65.1,77,90,1.01
100,Vila Velha,BR,2021-07-23 20:03:50,-20.3297,-40.2925,70.88,58,0,5.26
101,Kaitangata,NZ,2021-07-23 20:00:20,-46.2817,169.8464,41.94,74,28,4.5
102,Namatanai,PG,2021-07-23 20:03:51,-3.6667,152.4333,78.39,84,72,7.43
103,Zeya,RU,2021-07-23 20:03:51,53.75,127.2667,69.31,99,100,7.25
104,Cabo San Lucas,MX,2021-07-23 20:00:56,22.8909,-109.9124,99.52,66,1,9.95
105,Yar-Sale,RU,2021-07-23 20:01:05,66.8333,70.8333,50.67,91,93,22.32
106,Luderitz,NA,2021-07-23 20:03:52,-26.6481,15.1594,65.97,24,0,16.02
107,Lazaro Cardenas,MX,2021-07-23 20:03:53,17.9583,-102.2,87.85,68,100,9.91
108,Hasaki,JP,2021-07-23 20:02:31,35.7333,140.8333,73.8,85,0,1.54
109,Nawa,IN,2021-07-23 20:03:53,27.0167,75.0,79.65,85,64,10.89
110,San Jeronimo,PE,2021-07-23 20:03:54,-11.9472,-75.2829,59.49,40,93,8.86
111,Vostok,RU,2021-07-23 20:03:54,46.4856,135.8833,69.71,84,100,3.62
112,Mezen,RU,2021-07-23 20:03:54,65.8522,44.24,40.08,86,15,5.1
113,Thompson,CA,2021-07-23 19:59:13,55.7435,-97.8558,77.16,29,40,18.41
114,Saint-Louis,SN,2021-07-23 20:03:55,16.3333,-15.0,89.89,31,5,17.22
115,Padang,ID,2021-07-23 20:02:55,-0.9492,100.3543,77.02,86,100,4.32
116,Nelson Bay,AU,2021-07-23 20:03:56,-32.7167,152.15,53.96,95,42,7.43
117,Castro,BR,2021-07-23 20:01:24,-24.7911,-50.0119,64.72,60,0,2.17
118,Kamina,CD,2021-07-23 20:03:56,-8.7386,24.9906,66.7,39,9,4.47
119,Geraldton,AU,2021-07-23 20:01:39,-28.7667,114.6,52.21,93,75,4.61
120,Dikson,RU,2021-07-23 20:02:08,73.5069,80.5464,43.92,71,98,11.92
121,Eureka,US,2021-07-23 20:03:57,40.8021,-124.1637,69.21,70,11,4.0
122,Nefteyugansk,RU,2021-07-23 20:02:30,61.0998,72.6035,62.85,90,100,8.39
123,Kodiak,US,2021-07-23 20:03:57,57.79,-152.4072,54.91,88,90,9.22
124,Barcelos,PT,2021-07-23 20:03:58,41.5388,-8.6151,66.29,90,0,4.03
125,Xichang,CN,2021-07-23 20:03:58,27.8964,102.2634,65.68,92,100,1.23
126,Tasiilaq,GL,2021-07-23 20:00:54,65.6145,-37.6368,42.96,99,100,3.49
127,Marzuq,YE,2021-07-23 20:03:59,14.4,46.4667,70.39,80,100,15.12
128,Dongsheng,CN,2021-07-23 20:03:59,39.8161,109.9776,68.77,72,2,13.96
129,The Valley,AI,2021-07-23 20:03:28,18.217,-63.0578,86.83,81,19,18.16
130,Ozinki,RU,2021-07-23 20:04:00,51.1786,49.6769,65.97,50,92,7.45
131,Arlit,NE,2021-07-23 20:04:00,18.7369,7.3853,98.87,24,18,8.32
132,Sechura,PE,2021-07-23 20:04:00,-5.5569,-80.8222,76.21,59,15,16.62
133,Maniitsoq,GL,2021-07-23 20:04:01,65.4167,-52.9,41.34,96,100,17.92
134,Honningsvag,NO,2021-07-23 20:04:01,70.9821,25.9704,44.35,87,75,26.46
135,Ust-Ishim,RU,2021-07-23 20:04:02,57.6935,71.1665,65.39,97,96,3.6
136,Grand Gaube,MU,2021-07-23 20:04:02,-20.0064,57.6608,68.38,77,34,4.0
137,Bogashevo,RU,2021-07-23 20:04:03,56.3683,85.1447,62.44,77,0,4.47
138,Pasighat,IN,2021-07-23 20:04:03,28.0667,95.3333,77.85,96,73,1.72
139,Ribeira Grande,PT,2021-07-23 20:01:55,38.5167,-28.7,73.8,88,75,13.8
140,Cap Malheureux,MU,2021-07-23 20:04:04,-19.9842,57.6142,68.47,77,31,4.0
141,Hervey Bay,AU,2021-07-23 20:04:04,-25.2986,152.8535,69.04,91,44,12.91
142,Buchanan,LR,2021-07-23 20:04:04,5.8808,-10.0467,76.96,80,100,10.51
143,Amos,CA,2021-07-23 20:04:05,48.5669,-78.1162,75.18,54,91,3.6
144,Srednekolymsk,RU,2021-07-23 20:04:05,67.45,153.6833,57.43,58,47,8.12
145,Rumoi,JP,2021-07-23 20:04:06,43.9344,141.6428,68.68,93,41,5.44
146,Port Hardy,CA,2021-07-23 20:00:12,50.6996,-127.4199,58.01,88,100,4.45
147,Hovd,MN,2021-07-23 20:04:06,48.0056,91.6419,68.86,51,44,2.89
148,Batamshinskiy,KZ,2021-07-23 20:04:07,50.5594,58.2747,73.31,55,100,17.81
149,Auki,SB,2021-07-23 20:04:07,-8.7676,160.7034,77.31,86,100,3.53
150,Jeremie,HT,2021-07-23 20:04:08,18.65,-74.1167,85.01,70,31,6.4
151,Oum Hadjer,TD,2021-07-23 20:04:08,13.2954,19.6966,84.4,53,94,8.95
152,Finschhafen,PG,2021-07-23 20:04:08,-6.6024,147.8681,77.67,87,100,7.74
153,Prince Rupert,CA,2021-07-23 19:59:57,54.3161,-130.3201,57.29,94,90,5.75
154,Samarai,PG,2021-07-23 20:04:09,-10.6167,150.6667,80.24,85,74,8.5
155,Mount Gambier,AU,2021-07-23 20:02:06,-37.8333,140.7667,48.11,93,90,18.41
156,Chara,RU,2021-07-23 20:01:17,56.9064,118.2631,57.0,85,96,3.18
157,Susanville,US,2021-07-23 20:04:10,40.4163,-120.653,90.82,13,1,1.99
158,Tagab,AF,2021-07-23 20:04:10,34.855,69.6492,78.71,36,2,0.83
159,Mehamn,NO,2021-07-23 20:02:05,71.0357,27.8492,44.78,81,75,23.02
160,Gainesville,US,2021-07-23 20:00:05,29.6516,-82.3248,90.91,54,75,5.75
161,Port Alfred,ZA,2021-07-23 20:02:08,-33.5906,26.891,53.28,66,100,4.45
162,Tsuyama,JP,2021-07-23 20:04:10,35.05,134.0,76.35,91,64,1.81
163,Karaman,TR,2021-07-23 20:04:11,37.0833,33.25,65.55,38,0,6.62
164,Bosaso,SO,2021-07-23 20:04:11,11.2842,49.1816,92.3,45,64,11.74
165,Bilma,NE,2021-07-23 20:04:12,18.6853,12.9164,95.97,26,8,11.77
166,Newport,GB,2021-07-23 20:04:12,51.5877,-2.9984,73.11,70,100,15.97
167,Severo-Kurilsk,RU,2021-07-23 20:02:19,50.6789,156.125,54.34,94,96,6.11
168,Penzance,GB,2021-07-23 20:04:12,50.1186,-5.5371,70.81,61,100,20.8
169,Aklavik,CA,2021-07-23 20:04:13,68.2191,-135.0107,61.29,55,99,1.25
170,Evans,US,2021-07-23 20:04:13,33.5337,-82.1307,93.04,53,20,1.01
171,College,US,2021-07-23 20:02:12,64.8569,-147.8028,72.21,72,99,3.89
172,Hisar,IN,2021-07-23 20:04:14,29.1667,75.7167,88.02,69,94,7.11
173,Fredericksburg,US,2021-07-23 20:04:15,38.3032,-77.4605,90.23,44,40,1.01
174,Kaihua,CN,2021-07-23 20:04:15,23.3687,104.28,65.21,95,88,3.62
175,Dongfeng,CN,2021-07-23 20:04:16,42.6403,125.5118,69.96,79,100,4.0
176,Shingu,JP,2021-07-23 20:02:32,33.7333,135.9833,74.91,90,97,4.83
177,Sulangan,PH,2021-07-23 20:04:16,11.1373,123.7228,84.04,72,100,20.02
178,Carnarvon,AU,2021-07-23 20:01:48,-24.8667,113.6333,61.27,66,90,18.05
179,Vardo,NO,2021-07-23 20:04:16,70.3705,31.1107,46.6,87,75,29.93
180,Shubarshi,KZ,2021-07-23 20:02:23,48.5872,57.1869,74.89,61,96,7.2
181,Tazovskiy,RU,2021-07-23 20:04:17,67.4667,78.7,62.33,88,75,25.5
182,Gambela,ET,2021-07-23 20:04:17,8.25,34.5833,69.62,98,100,1.99
183,Chimore,BO,2021-07-23 20:04:18,-16.9833,-65.1333,90.01,29,0,5.5
184,Anadyr,RU,2021-07-23 19:59:52,64.75,177.4833,55.9,87,40,8.01
185,Umm Lajj,SA,2021-07-23 20:01:53,25.0213,37.2685,86.58,59,0,10.33
186,Camacha,PT,2021-07-23 20:04:18,33.0833,-16.3333,69.22,73,40,12.66
187,Marawi,PH,2021-07-23 20:04:19,7.9986,124.2928,71.65,89,100,6.29
188,Saint-Georges,GD,2021-07-23 20:03:46,12.0564,-61.7485,82.69,75,46,12.48
189,Fortuna,US,2021-07-23 20:04:19,40.5982,-124.1573,68.94,68,20,5.01
190,Lompoc,US,2021-07-23 20:01:50,34.6391,-120.4579,90.7,65,47,4.0
191,Udachnyy,RU,2021-07-23 20:04:20,66.4167,112.4,58.08,87,7,6.93
192,Bethel,US,2021-07-23 20:01:50,41.3712,-73.414,82.49,57,73,1.99
193,Saint-Raphael,HT,2021-07-23 20:04:20,19.4333,-72.2,86.76,56,51,9.91
194,Tymovskoye,RU,2021-07-23 20:04:21,50.8456,142.655,68.95,96,100,4.41
195,Makrana,IN,2021-07-23 20:04:21,27.05,74.7167,77.97,88,95,7.63
196,Louis Trichardt,ZA,2021-07-23 20:04:21,-23.0439,29.9032,46.27,42,0,7.54
197,Maradi,NE,2021-07-23 20:04:22,13.5,7.1017,79.45,70,61,10.2
198,Obo,CF,2021-07-23 20:04:22,5.3998,26.4869,69.87,93,92,2.89
199,Kruisfontein,ZA,2021-07-23 20:00:10,-34.0033,24.7314,44.89,77,41,4.76
200,Rovaniemi,FI,2021-07-23 20:01:40,66.5,25.7167,53.01,71,90,5.75
201,Loviisa,FI,2021-07-23 20:04:23,60.4566,26.2251,63.45,49,100,6.06
202,Jauja,PE,2021-07-23 20:00:12,-11.7758,-75.4966,61.05,25,35,11.72
203,Makakilo City,US,2021-07-23 20:02:33,21.3469,-158.0858,80.92,66,75,11.5
204,Saint George,US,2021-07-23 20:02:44,37.1041,-113.5841,99.39,34,1,7.0
205,Planaltina,BR,2021-07-23 20:00:23,-15.4528,-47.6142,74.77,35,83,9.22
206,Shebunino,RU,2021-07-23 20:04:24,46.4339,141.8603,68.88,99,99,5.55
207,Husavik,IS,2021-07-23 20:04:24,66.0449,-17.3389,59.41,80,85,0.87
208,Souillac,MU,2021-07-23 20:01:04,-20.5167,57.5167,68.36,73,55,9.26
209,Flinders,AU,2021-07-23 20:04:25,-34.5833,150.8552,53.38,86,99,1.01
210,Praia,CV,2021-07-23 20:00:26,14.9215,-23.5087,74.84,74,29,14.99
211,Bhachau,IN,2021-07-23 20:04:26,23.2833,70.35,85.32,70,100,12.59
212,Birin,NP,2021-07-23 20:04:26,26.8865,88.0718,64.78,93,68,5.97
213,Bandarbeyla,SO,2021-07-23 20:04:26,9.4942,50.8122,76.68,83,32,35.59
214,Laguna,US,2021-07-23 20:02:37,38.421,-121.4238,104.14,29,1,1.01
215,Belmonte,BR,2021-07-23 20:04:27,-15.8631,-38.8828,72.1,64,92,12.39
216,Majholi,IN,2021-07-23 20:04:27,23.5,79.9167,79.36,85,100,6.91
217,Otaru,JP,2021-07-23 20:04:28,43.1894,141.0022,71.02,90,18,3.47
218,San Andres,CO,2021-07-23 20:04:28,12.5847,-81.7006,84.22,84,75,12.66
219,Faanui,PF,2021-07-23 20:04:28,-16.4833,-151.75,78.06,68,7,15.55
220,Kupang,ID,2021-07-23 20:01:08,-10.1667,123.5833,70.93,79,3,7.58
221,Solnechnyy,RU,2021-07-23 20:04:29,50.7214,136.6319,72.73,86,36,3.06
222,Altamira,BR,2021-07-23 20:04:29,-3.2033,-52.2064,91.31,38,20,4.54
223,Am Timan,TD,2021-07-23 20:04:30,11.0297,20.2827,76.73,72,7,4.0
224,Acarau,BR,2021-07-23 20:04:30,-2.8856,-40.12,81.99,66,4,18.01
225,Krasnoselkup,RU,2021-07-23 20:02:22,65.7,82.4667,70.38,67,100,25.97
226,Savannah Bight,HN,2021-07-23 20:04:31,16.45,-85.85,86.0,74,100,8.5
227,Los Llanos De Aridane,ES,2021-07-23 20:01:35,28.6585,-17.9182,70.12,88,20,19.57
228,Bay Roberts,CA,2021-07-23 20:04:31,47.5999,-53.2648,66.06,84,98,3.0
229,Bereda,ES,2021-07-23 20:04:32,43.2686,-7.5406,65.41,79,6,6.44
230,Tema,GH,2021-07-23 20:04:32,5.667,-0.0166,76.55,76,58,10.51
231,Middelburg,ZA,2021-07-23 20:01:22,-25.7751,29.4648,39.38,38,0,8.61
232,Moelv,NO,2021-07-23 20:04:33,60.9333,10.7,60.94,65,5,1.61
233,Provideniya,RU,2021-07-23 20:01:55,64.3833,-173.3,51.93,66,35,7.49
234,Kapoeta,SS,2021-07-23 20:04:33,4.7717,33.5903,77.41,67,82,4.74
235,Batagay-Alyta,RU,2021-07-23 20:02:11,67.8006,130.4114,58.87,75,76,3.09
236,Ostrovnoy,RU,2021-07-23 20:01:19,68.0531,39.5131,42.98,93,100,20.45
237,Pevek,RU,2021-07-23 20:02:50,69.7008,170.3133,41.5,76,100,5.84
238,Norton,ZW,2021-07-23 20:04:34,-17.8833,30.7,53.55,43,12,12.71
239,Cockburn Town,TC,2021-07-23 20:04:35,21.4612,-71.1419,82.09,80,16,18.92
240,Korla,CN,2021-07-23 20:04:35,41.7597,86.1469,84.92,32,41,4.79
241,Butaritari,KI,2021-07-23 19:59:10,3.0707,172.7902,83.71,73,52,16.71
242,Providencia,MX,2021-07-23 20:04:35,28.7167,-111.5833,99.61,50,99,7.0
243,Copiapo,CL,2021-07-23 20:00:22,-27.3667,-70.3333,66.18,47,99,4.56
244,Cherskiy,RU,2021-07-23 20:00:43,68.75,161.3,48.22,67,0,6.46
245,Guarapuava,BR,2021-07-23 20:04:36,-25.3953,-51.4581,64.26,52,0,3.15
246,Pangnirtung,CA,2021-07-23 20:02:37,66.1451,-65.7125,46.58,83,99,7.99
247,Hondo,JP,2021-07-23 20:04:36,32.45,130.2,77.79,81,100,11.16
248,Richards Bay,ZA,2021-07-23 20:04:35,-28.783,32.0377,61.02,58,54,17.52
249,Coruripe,BR,2021-07-23 20:04:37,-10.1256,-36.1756,74.59,79,5,9.86
250,Dunedin,NZ,2021-07-23 20:03:41,-45.8742,170.5036,42.8,79,29,1.01
251,Clyde River,CA,2021-07-23 20:02:03,70.4692,-68.5914,39.43,81,40,26.46
252,Ciudad Bolivar,VE,2021-07-23 20:04:38,8.1222,-63.5497,88.65,58,95,3.69
253,Oudtshoorn,ZA,2021-07-23 20:02:51,-33.5907,22.2014,45.18,68,1,4.83
254,Coquimbo,CL,2021-07-23 20:02:18,-29.9533,-71.3436,55.89,75,23,4.41
255,Meulaboh,ID,2021-07-23 20:04:38,4.1363,96.1285,77.22,88,100,4.23
256,Nabire,ID,2021-07-23 20:03:25,-3.3667,135.4833,74.46,93,100,2.3
257,Sitio Novo Do Tocantins,BR,2021-07-23 20:04:39,-5.5183,-47.4611,96.3,23,44,7.36
258,Koumac,NC,2021-07-23 20:04:39,-20.5667,164.2833,67.42,85,1,5.61
259,Palembang,ID,2021-07-23 20:04:40,-2.9167,104.7458,74.14,96,47,3.29
260,Naron,ES,2021-07-23 20:04:40,43.5167,-8.1528,67.05,93,5,1.01
261,Pacific Grove,US,2021-07-23 20:04:40,36.6177,-121.9166,81.81,76,1,3.0
262,Oshakati,NA,2021-07-23 20:04:41,-17.7833,15.6833,57.58,10,0,10.6
263,Jiuquan,CN,2021-07-23 20:04:41,39.7432,98.5174,81.52,31,2,3.04
264,Evensk,RU,2021-07-23 20:04:41,61.95,159.2333,49.41,98,100,3.33
265,Dodge City,US,2021-07-23 20:02:00,37.7528,-100.0171,94.64,40,1,5.99
266,Nizhniy Kuranakh,RU,2021-07-23 20:04:42,58.8353,125.4869,63.37,100,100,1.52
267,Nipawin,CA,2021-07-23 20:02:33,53.3668,-104.0009,81.48,19,51,24.79
268,Waddan,LY,2021-07-23 20:04:42,29.1614,16.139,82.83,37,0,17.05
269,Basco,PH,2021-07-23 20:04:43,20.4487,121.9702,84.63,79,100,34.23
270,Prainha,BR,2021-07-23 20:04:43,-1.8,-53.48,88.93,49,53,5.37
271,Kuching,MY,2021-07-23 20:02:59,1.55,110.3333,77.22,94,20,2.3
272,Kailua,US,2021-07-23 20:03:05,21.4022,-157.7394,82.38,74,90,10.36
273,Salalah,OM,2021-07-23 20:01:51,17.0151,54.0924,77.58,97,100,8.95
274,Moerai,PF,2021-07-23 20:04:44,-22.4333,-151.3333,71.26,66,100,8.28
275,Iskateley,RU,2021-07-23 20:04:44,67.6803,53.1512,46.31,78,98,5.95
276,Pisco,PE,2021-07-23 19:59:48,-13.7,-76.2167,64.45,72,40,10.36
277,Dhupgari,IN,2021-07-23 20:04:44,26.5858,89.0145,78.91,87,60,4.83
278,Leningradskiy,RU,2021-07-23 20:04:45,69.3833,178.4167,38.8,80,95,9.98
279,Sept-Iles,CA,2021-07-23 19:59:00,50.2001,-66.3821,64.92,82,90,6.91
280,Kahului,US,2021-07-23 20:02:41,20.8947,-156.47,81.97,87,38,15.99
281,Cittanova,IT,2021-07-23 20:04:46,38.3552,16.0798,75.94,72,0,3.65
282,Southbridge,US,2021-07-23 20:04:46,42.0751,-72.0334,81.3,69,100,4.52
283,Oranjemund,NA,2021-07-23 19:58:55,-28.55,16.4333,62.15,26,0,12.88
284,Linxia,CN,2021-07-23 20:04:47,35.6003,103.2064,64.67,83,1,2.55
285,Zyryanka,RU,2021-07-23 20:04:47,65.75,150.85,60.24,63,100,0.47
286,Vieques,PR,2021-07-23 20:04:47,18.425,-65.8329,88.9,74,40,18.41
287,Nome,US,2021-07-23 20:02:49,64.5011,-165.4064,51.17,82,87,10.6
288,Sioux Lookout,CA,2021-07-23 19:57:39,50.1001,-91.917,73.78,35,91,8.1
289,Yeppoon,AU,2021-07-23 20:04:48,-23.1333,150.7333,64.18,94,6,7.56
290,Katsuura,JP,2021-07-23 20:02:09,35.1333,140.3,80.11,85,0,1.86
291,Kifri,IQ,2021-07-23 20:04:48,34.6959,44.9661,98.4,16,0,9.55
292,Breytovo,RU,2021-07-23 20:04:49,58.2993,37.8617,53.89,83,66,8.88
293,Veraval,IN,2021-07-23 20:04:49,20.9,70.3667,82.47,83,97,18.57
294,Sorland,NO,2021-07-23 20:04:50,67.667,12.6934,51.87,94,100,11.9
295,Thoen,TH,2021-07-23 20:04:50,17.6129,99.2161,75.09,96,100,2.35
296,Namie,JP,2021-07-23 20:04:51,37.4833,141.0,75.78,98,26,2.8
297,Benjamin Hill,MX,2021-07-23 20:04:51,30.1667,-111.1,87.28,39,100,6.73
298,Curvelo,BR,2021-07-23 20:04:51,-18.7564,-44.4308,76.95,27,1,9.64
299,Xining,CN,2021-07-23 20:04:52,36.6167,101.7667,63.43,69,39,3.38
300,Minsk,BY,2021-07-23 20:04:52,53.9,27.5667,69.55,73,95,7.09
301,Stokmarknes,NO,2021-07-23 20:04:53,68.5646,14.9108,52.5,95,100,5.88
302,Halvad,IN,2021-07-23 20:04:53,23.0167,71.1833,83.34,77,100,13.18
303,Umea,SE,2021-07-23 20:04:53,63.8284,20.2597,57.13,82,0,3.44
304,Deputatskiy,RU,2021-07-23 20:01:10,69.3,139.9,52.05,68,99,3.56
305,Airai,TL,2021-07-23 20:04:54,-8.9266,125.4092,56.23,36,11,3.36
306,Chumayel,MX,2021-07-23 20:04:54,20.4333,-89.3167,92.86,26,62,6.55
307,Constitucion,CL,2021-07-23 20:04:55,-35.3333,-72.4167,59.27,66,100,8.68
308,North Bend,US,2021-07-23 20:03:35,43.4065,-124.2243,81.25,62,1,23.02
309,Ballina,AU,2021-07-23 20:01:53,-28.8667,153.5667,54.79,90,7,7.94
310,Cururupu,BR,2021-07-23 20:04:00,-1.8283,-44.8683,82.87,65,38,5.14
311,Siaya,KE,2021-07-23 20:04:55,0.0612,34.2882,66.87,63,76,3.98
312,Tayginka,RU,2021-07-23 20:04:56,55.6244,60.5076,59.16,88,100,2.8
313,Taoudenni,ML,2021-07-23 20:04:56,22.6783,-3.9836,100.54,23,92,16.17
314,Altstatten,CH,2021-07-23 20:04:57,47.3777,9.5475,73.76,54,0,4.61
315,Forbes,AU,2021-07-23 20:04:57,-33.3833,148.0167,48.92,97,99,10.07
316,Benguela,AO,2021-07-23 20:04:58,-12.5763,13.4055,69.78,87,16,2.28
317,Nuuk,GL,2021-07-23 20:00:43,64.1835,-51.7216,45.21,81,75,26.46
318,Batemans Bay,AU,2021-07-23 20:04:58,-35.7167,150.1833,51.19,84,100,4.45
319,Yumen,CN,2021-07-23 20:04:58,40.2833,97.2,81.66,36,41,7.34
320,Balatan,PH,2021-07-23 20:04:59,13.3211,123.2333,81.43,85,100,19.39
321,Necochea,AR,2021-07-23 20:04:59,-38.5473,-58.7368,53.04,71,100,14.12
322,Sola,VU,2021-07-23 20:05:00,-13.8833,167.55,79.61,81,88,15.99
323,Lasa,IT,2021-07-23 20:05:00,46.6166,10.7002,70.54,76,13,2.33
324,Bubaque,GW,2021-07-23 20:05:00,11.2833,-15.8333,79.63,80,100,14.63
325,Labuan,MY,2021-07-23 20:05:01,5.2767,115.2417,78.96,79,64,9.98
326,Lumeje,AO,2021-07-23 20:05:01,-11.55,20.7833,63.0,30,100,6.15
327,Kutum,SD,2021-07-23 20:02:51,14.2,24.6667,74.8,64,29,13.38
328,Asuncion,PY,2021-07-23 20:03:43,-25.3007,-57.6359,88.09,20,0,7.56
329,Mabaruma,GY,2021-07-23 20:05:01,8.2,-59.7833,84.31,74,100,5.23
330,Odweyne,SO,2021-07-23 20:05:02,9.4092,45.064,72.05,61,98,21.77
331,Abu Dhabi,AE,2021-07-23 20:05:08,24.4667,54.3667,102.31,29,0,9.22
332,Esperance,AU,2021-07-23 20:01:11,-33.8667,121.9,51.55,77,58,24.54
333,Shache,CN,2021-07-23 20:05:08,38.4167,77.2406,77.5,38,1,1.28
334,Itarema,BR,2021-07-23 20:02:17,-2.9248,-39.9167,80.98,69,7,16.51
335,Dvinskoy,RU,2021-07-23 20:05:09,62.1535,45.1175,46.87,94,97,4.59
336,Cumana,VE,2021-07-23 20:05:10,10.4635,-64.1775,83.57,76,25,8.12
337,Chapada Dos Guimaraes,BR,2021-07-23 20:03:49,-15.4606,-55.7497,87.46,20,0,8.1
338,Bengkulu,ID,2021-07-23 20:05:11,-3.8004,102.2655,75.11,85,40,3.06
339,Maua,BR,2021-07-23 20:05:11,-23.6678,-46.4614,73.2,51,0,5.19
340,Ambon,ID,2021-07-23 20:05:12,-3.6954,128.1814,77.68,87,100,8.08
341,San Luis,AR,2021-07-23 20:05:12,-33.295,-66.3356,68.4,25,100,11.18
342,Atherton,GB,2021-07-23 20:05:12,53.5237,-2.4935,68.7,66,100,4.0
343,Jizan,SA,2021-07-23 20:05:13,17.3333,42.6667,86.63,69,100,4.92
344,Valera,VE,2021-07-23 20:05:13,9.3178,-70.6036,85.03,67,93,2.51
345,Ode,NG,2021-07-23 20:05:13,7.7899,5.7117,69.8,89,100,5.48
346,San Juan Bautista,PE,2021-07-23 20:05:14,-14.0108,-75.7358,61.43,36,0,12.33
347,Okhotsk,RU,2021-07-23 20:02:21,59.3833,143.3,57.43,90,97,2.3
348,Camp Verde,US,2021-07-23 20:01:07,34.5636,-111.8543,89.47,62,99,7.0
349,Malanje,AO,2021-07-23 20:05:14,-9.5402,16.341,67.87,21,31,3.11
350,Kachug,RU,2021-07-23 20:05:15,53.9606,105.8817,51.78,97,1,4.18
351,Nishihara,JP,2021-07-23 20:05:15,26.1842,127.7558,80.65,97,90,25.32
352,Baoro,CF,2021-07-23 20:05:16,5.6667,15.9667,68.22,95,47,2.93
353,Kikwit,CD,2021-07-23 20:05:16,-5.041,18.8162,79.61,23,4,2.46
354,Victoria,HK,2021-07-23 20:01:57,22.2855,114.1577,85.24,87,84,4.0
355,Gat,IL,2021-07-23 20:01:01,31.61,34.7642,81.28,100,9,7.07
356,Pitimbu,BR,2021-07-23 20:05:17,-7.4706,-34.8086,77.59,82,32,16.51
357,Poum,NC,2021-07-23 20:05:17,-20.2333,164.0167,71.28,78,14,10.58
358,Saskylakh,RU,2021-07-23 20:01:46,71.9167,114.0833,56.32,78,95,13.91
359,Belyy Yar,RU,2021-07-23 20:05:18,53.6039,91.3903,67.89,83,0,2.24
360,Ewa Beach,US,2021-07-23 20:05:18,21.3156,-158.0072,80.55,69,75,18.99
361,Masallatah,LY,2021-07-23 20:05:19,32.6167,14.0,75.67,76,0,5.61
362,Alta Floresta,BR,2021-07-23 20:05:19,-9.8756,-56.0861,96.48,20,2,5.86
363,Kungurtug,RU,2021-07-23 20:04:43,50.5994,97.5228,63.82,65,100,1.88
364,Bambanglipuro,ID,2021-07-23 20:05:20,-7.95,110.2833,75.85,82,46,6.78
365,Marienburg,PL,2021-07-23 20:05:21,54.0359,19.0266,65.88,93,6,3.98
366,Sisimiut,GL,2021-07-23 20:05:21,66.9395,-53.6735,45.23,76,100,11.5
367,Kudat,MY,2021-07-23 20:05:21,6.8837,116.8477,81.12,76,100,9.44
368,Maragheh,IR,2021-07-23 20:05:22,37.3917,46.2398,79.16,34,0,8.77
369,Saint-Augustin,CA,2021-07-23 20:02:44,51.226,-58.6502,50.36,87,100,12.84
370,Waipawa,NZ,2021-07-23 20:01:43,-41.4122,175.5153,43.43,88,0,4.34
371,Nouadhibou,MR,2021-07-23 20:05:22,20.931,-17.0347,68.29,88,0,19.51
372,Kabanjahe,ID,2021-07-23 20:05:23,3.1001,98.4908,66.96,90,82,3.15
373,Rio Gallegos,AR,2021-07-23 20:05:23,-51.6226,-69.2181,39.25,81,40,12.66
374,Samoylovka,RU,2021-07-23 20:05:23,51.184,43.7081,61.86,62,10,5.68
375,Keokuk,US,2021-07-23 20:05:24,40.3973,-91.3849,90.21,62,6,8.16
376,Camacari,BR,2021-07-23 20:05:24,-12.6975,-38.3242,73.17,82,89,11.86
377,Santa Maria,BR,2021-07-23 20:05:25,-29.6842,-53.8069,73.13,68,0,3.98
378,Great Falls,US,2021-07-23 20:05:25,47.5002,-111.3008,87.19,11,1,8.01
379,Fort Nelson,CA,2021-07-23 20:05:25,58.8053,-122.7002,71.98,37,98,9.33
380,Khatanga,RU,2021-07-23 20:01:53,71.9667,102.5,49.55,84,29,8.08
381,Alto Araguaia,BR,2021-07-23 20:05:26,-17.3147,-53.2153,87.35,20,0,9.73
382,Mao,ES,2021-07-23 20:05:26,39.8885,4.2658,81.16,61,0,8.05
383,Vilhena,BR,2021-07-23 20:05:26,-12.7406,-60.1458,89.76,23,0,4.63
384,Pecos,US,2021-07-23 20:05:27,31.4229,-103.4932,96.89,23,1,4.61
385,Paka,MY,2021-07-23 20:02:25,4.6374,103.4368,76.91,80,100,2.91
386,Avera,US,2021-07-23 20:01:58,33.194,-82.5271,92.71,51,80,3.13
387,Port Keats,AU,2021-07-23 20:05:27,-14.25,129.55,69.84,86,8,5.28
388,Borna,DE,2021-07-23 20:05:28,51.1167,12.5,70.84,66,0,3.44
389,Itupiranga,BR,2021-07-23 20:05:28,-5.1347,-49.3267,95.32,30,11,2.21
390,Takaungu,KE,2021-07-23 20:05:29,-3.6837,39.8566,75.76,80,7,21.41
391,Machinga,MW,2021-07-23 20:05:29,-15.1685,35.3,62.33,79,98,6.08
392,Hithadhoo,MV,2021-07-23 20:02:17,-0.6,73.0833,82.18,77,100,14.34
393,Vega De Alatorre,MX,2021-07-23 20:05:29,20.0333,-96.6333,87.76,59,0,15.95
394,Parczew,PL,2021-07-23 20:05:30,51.6402,22.9006,66.81,80,47,5.46
395,Makokou,GA,2021-07-23 20:05:30,0.5738,12.8642,74.46,74,81,1.66
396,Victor Harbor,AU,2021-07-23 20:05:30,-35.5667,138.6167,51.91,89,36,1.01
397,Kozhva,RU,2021-07-23 20:05:31,65.1073,57.0459,53.13,76,91,5.48
398,Flagstaff,US,2021-07-23 20:05:31,35.1981,-111.6513,76.8,59,40,11.01
399,Sindor,RU,2021-07-23 20:05:31,62.8629,51.8905,48.74,97,100,7.76
400,Belaya Gora,RU,2021-07-23 20:02:41,68.5333,146.4167,54.66,50,100,7.34
401,Sabang,ID,2021-07-23 20:05:32,5.8933,95.3214,83.52,77,100,21.32
402,Manokwari,ID,2021-07-23 20:05:33,-0.8667,134.0833,77.77,82,100,5.46
403,Bjornevatn,NO,2021-07-23 20:05:33,69.6672,29.9847,46.02,87,75,18.41
404,Sijunjung,ID,2021-07-23 20:05:34,-0.6876,100.9537,71.58,89,100,2.08
405,Narsaq,GL,2021-07-23 20:02:03,60.9167,-46.05,57.42,60,4,4.16
406,Puri,IN,2021-07-23 20:05:34,19.8,85.85,83.37,83,100,13.8
407,Nueva Helvecia,UY,2021-07-23 20:05:35,-34.3,-57.2333,67.55,73,77,2.1
408,Paamiut,GL,2021-07-23 20:05:35,61.994,-49.6678,43.27,84,57,2.53
409,Andenes,NO,2021-07-23 20:05:36,69.3143,16.1194,50.07,87,75,12.66
410,Shasta Lake,US,2021-07-23 20:05:36,40.6804,-122.3708,102.54,6,0,3.15
411,Ikeda,JP,2021-07-23 20:05:37,34.8221,135.4298,78.35,100,57,0.11
412,Irondequoit,US,2021-07-23 20:04:32,43.2134,-77.5797,80.53,48,20,1.99
413,Saint-Paul,RE,2021-07-23 20:05:37,-21.0096,55.2707,68.11,69,6,3.13
414,Anchorage,US,2021-07-23 20:05:38,61.2181,-149.9003,64.38,72,90,1.01
415,Oussouye,SN,2021-07-23 20:05:38,12.485,-16.5469,78.26,69,93,9.17
416,Dongen,NL,2021-07-23 20:03:13,51.6267,4.9389,69.03,73,90,3.0
417,Chunskiy,RU,2021-07-23 20:05:39,56.0815,99.6342,56.7,83,1,2.98
418,Mount Isa,AU,2021-07-23 20:00:58,-20.7333,139.5,49.77,62,38,0.0
419,Doha,QA,2021-07-23 20:05:39,25.2867,51.5333,97.11,71,0,8.05
420,Grindavik,IS,2021-07-23 20:05:40,63.8424,-22.4338,55.56,100,90,13.8
421,Pundaguitan,PH,2021-07-23 20:05:40,6.3711,126.1689,84.13,74,61,15.5
422,Novyy Karachay,RU,2021-07-23 20:05:41,43.8208,41.9032,61.38,98,100,1.7
423,Bac Lieu,VN,2021-07-23 20:05:42,9.285,105.7244,79.74,84,100,11.27
424,Alofi,NU,2021-07-23 20:00:48,-19.0595,-169.9187,77.4,84,11,17.13
425,Galveston,US,2021-07-23 20:03:48,29.3669,-94.9669,97.21,74,1,3.0
426,Atlantic City,US,2021-07-23 20:05:42,39.3643,-74.4229,85.26,44,40,0.0
427,Itaituba,BR,2021-07-23 20:02:16,-4.2761,-55.9836,98.02,25,66,5.21
428,Suez,EG,2021-07-23 20:05:43,29.9737,32.5263,81.01,48,0,12.8
429,Shieli,KZ,2021-07-23 20:05:43,44.1667,66.75,82.9,27,0,7.61
430,Pozo Colorado,PY,2021-07-23 20:05:44,-23.4923,-58.7972,94.08,15,0,9.46
431,Osakarovka,KZ,2021-07-23 20:05:44,50.565,72.5692,66.87,43,0,6.13
432,Brae,GB,2021-07-23 20:05:45,60.3964,-1.353,53.51,87,30,7.4
433,Toamasina,MG,2021-07-23 20:05:45,-18.1667,49.3833,67.03,80,9,2.91
434,Kurikka,FI,2021-07-23 20:05:45,62.6167,22.4167,54.86,67,7,3.62
435,Beringovskiy,RU,2021-07-23 20:05:46,63.05,179.3167,53.33,79,100,5.08
436,Aykhal,RU,2021-07-23 20:05:46,66.0,111.5,57.94,83,17,9.06
437,Chongoyape,PE,2021-07-23 20:05:47,-6.6406,-79.3892,72.57,39,6,8.46
438,Mareeba,AU,2021-07-23 20:05:47,-17.0,145.4333,64.33,97,30,3.0
439,Caravelas,BR,2021-07-23 20:02:41,-17.7125,-39.2481,71.76,67,100,7.4
440,Mariestad,SE,2021-07-23 20:05:48,58.7097,13.8237,64.51,73,0,1.23
441,Macusani,PE,2021-07-23 20:05:48,-14.0833,-70.4333,46.17,45,3,13.38
442,Buraydah,SA,2021-07-23 20:05:49,26.326,43.975,93.54,13,6,10.8
443,Gizo,SB,2021-07-23 20:05:49,-8.103,156.8419,80.94,77,56,2.82
444,Lamu,KE,2021-07-23 20:05:49,-2.2717,40.902,77.22,80,8,20.8
445,Trairi,BR,2021-07-23 19:59:09,-3.2778,-39.2689,80.69,70,11,13.06
446,Pivka,SI,2021-07-23 20:05:50,45.6829,14.1959,70.95,89,2,1.99
447,Buala,SB,2021-07-23 20:05:50,-8.145,159.5921,79.59,83,77,5.48
448,Ugoofaaru,MV,2021-07-23 20:05:51,5.6667,73.0,82.35,77,93,13.0
449,Konongo,GH,2021-07-23 20:05:51,6.6167,-1.2167,74.17,80,100,3.94
450,Alyangula,AU,2021-07-23 20:05:52,-13.8483,136.4192,66.07,100,90,4.61
451,Ludvika,SE,2021-07-23 20:05:52,60.1496,15.1878,62.78,55,3,2.82
452,Gusinoye Ozero,RU,2021-07-23 20:05:53,51.1144,106.2614,57.83,81,7,4.97
453,Ankola,IN,2021-07-23 20:05:53,14.6667,74.3,79.11,87,100,13.06
454,Chernomorskiy,RU,2021-07-23 20:05:53,44.8506,38.4936,74.48,52,88,5.77
455,Quatre Cocos,MU,2021-07-23 20:02:04,-20.2078,57.7625,68.09,71,54,11.36
456,Ratholo,BW,2021-07-23 20:05:54,-22.7245,27.572,50.99,50,0,9.37
457,Qasigiannguit,GL,2021-07-23 20:05:54,68.8193,-51.1922,46.65,91,100,10.02
458,Riyadh,SA,2021-07-23 20:05:30,24.6877,46.7219,98.74,13,33,11.61
459,Seljord,NO,2021-07-23 20:05:55,59.4894,8.634,66.67,67,3,3.4
460,Mokhsogollokh,RU,2021-07-23 20:05:55,61.4681,128.9203,59.95,95,100,10.67
461,Port Hedland,AU,2021-07-23 20:05:56,-20.3167,118.5667,62.65,48,1,8.05
462,Entre Rios,BR,2021-07-23 20:05:56,-11.9419,-38.0844,68.81,94,67,8.08
463,Ulvila,FI,2021-07-23 20:05:57,61.4284,21.871,53.67,76,0,6.91
464,Harpanahalli,IN,2021-07-23 20:05:57,14.8,75.9833,70.38,90,100,16.87
465,Hualmay,PE,2021-07-23 20:05:57,-11.0964,-77.6139,67.12,74,17,11.86
466,Le Port,RE,2021-07-23 20:05:58,-20.9373,55.2919,68.0,69,7,4.65
467,Longyearbyen,SJ,2021-07-23 20:05:58,78.2186,15.6401,44.44,87,75,8.05
468,Chardara,KZ,2021-07-23 20:05:58,41.2547,67.9692,81.55,25,0,8.14
469,Bintulu,MY,2021-07-23 20:05:59,3.1667,113.0333,77.95,90,94,2.73
470,Adrar,MR,2021-07-23 20:05:59,20.5022,-10.0711,98.87,14,11,8.25
471,Codrington,AU,2021-07-23 20:06:00,-38.2667,141.9667,46.36,92,100,19.19
472,Cayenne,GF,2021-07-23 20:06:00,4.9333,-52.3333,85.08,76,40,3.0
473,Rio Grande,BR,2021-07-23 20:06:01,-32.035,-52.0986,80.71,75,2,6.76
474,Sao Mateus,BR,2021-07-23 20:06:01,-18.7161,-39.8589,72.01,59,39,7.74
475,Candido Mendes,BR,2021-07-23 20:06:01,-1.4467,-45.7167,81.5,77,34,3.94
476,La Palma,US,2021-07-23 20:06:02,33.8464,-118.0467,100.96,63,1,3.0
477,Salta,AR,2021-07-23 20:06:02,-24.7859,-65.4117,79.57,31,0,7.0
478,Hay River,CA,2021-07-23 20:01:58,60.8156,-115.7999,67.78,63,95,12.48
479,Tamiahua,MX,2021-07-23 20:06:03,21.2667,-97.45,87.35,61,3,11.5
480,Yuancheng,CN,2021-07-23 20:06:03,36.652,107.7896,65.41,90,85,8.72
481,Lavrentiya,RU,2021-07-23 20:06:04,65.5833,-171.0,46.4,74,96,4.41
482,Kaliua,TZ,2021-07-23 20:06:04,-5.0606,31.7936,74.48,39,98,7.99
483,Boda,CF,2021-07-23 20:06:04,4.3189,17.4695,70.83,89,92,3.27
484,Turukhansk,RU,2021-07-23 20:06:05,65.8167,87.9833,65.8,88,100,17.63
485,Nalbari,IN,2021-07-23 20:06:05,26.4456,91.4354,78.71,92,40,3.36
486,Gelibolu,TR,2021-07-23 20:06:05,40.4103,26.6708,75.06,65,0,19.93
487,Rajmahal,IN,2021-07-23 20:06:06,25.05,87.8333,80.31,90,98,17.49
488,Pontianak,ID,2021-07-23 20:06:06,-0.0333,109.3333,75.18,100,78,1.14
489,Yatou,CN,2021-07-23 20:02:39,37.15,122.3833,73.38,76,45,2.44
490,Ilulissat,GL,2021-07-23 20:06:07,69.2167,-51.1,46.42,71,40,10.36
491,Aksarka,RU,2021-07-23 20:06:07,66.5606,67.7975,48.52,90,93,7.29
492,Darnah,LY,2021-07-23 20:06:08,32.767,22.6367,78.62,73,0,16.62
493,Palana,RU,2021-07-23 20:06:08,59.1167,159.9667,52.7,90,100,6.64
494,San Bartolome De Tirajana,ES,2021-07-23 20:02:11,27.9248,-15.5733,64.87,67,40,33.38
495,Altamont,US,2021-07-23 20:06:09,42.2068,-121.7372,89.78,22,1,1.99
496,Half Moon Bay,US,2021-07-23 20:06:09,37.4636,-122.4286,93.74,60,1,9.22
497,Vallenar,CL,2021-07-23 20:06:09,-28.5708,-70.7581,70.23,36,69,5.66
498,Mollendo,PE,2021-07-23 20:06:10,-17.0231,-72.0147,63.66,76,7,7.11
499,Kingisepp,RU,2021-07-23 20:06:10,59.3733,28.6134,56.97,68,49,3.49
500,Shahe,CN,2021-07-23 20:06:11,39.2708,113.5478,64.36,91,24,0.63
501,Magadan,RU,2021-07-23 20:06:11,59.5667,150.8,53.64,88,99,2.17
502,Cordoba,AR,2021-07-23 20:03:54,-31.4135,-64.1811,82.42,20,83,1.01
503,Yulara,AU,2021-07-23 20:02:07,-25.2406,130.9889,48.27,53,3,6.22
504,Alpena,US,2021-07-23 20:06:12,45.0617,-83.4327,80.85,65,40,13.8
505,Porto Novo,BJ,2021-07-23 20:06:12,6.4965,2.6036,76.06,77,16,8.46
506,Lagos,NG,2021-07-23 20:01:43,6.5833,3.75,75.81,77,87,6.38
507,La Ciotat,FR,2021-07-23 20:06:12,43.1748,5.6045,81.14,71,17,9.08
508,Kemijarvi,FI,2021-07-23 20:06:13,66.7131,27.4306,46.67,74,95,4.83
509,Pishin,PK,2021-07-23 20:06:13,30.5803,66.9961,81.27,37,93,3.94
510,Midland,US,2021-07-23 20:04:46,31.9974,-102.0779,98.69,28,1,11.5
511,Daru,PG,2021-07-23 20:06:14,-9.0763,143.2092,75.99,84,100,7.65
512,Klamath Falls,US,2021-07-23 20:06:14,42.2249,-121.7817,89.87,22,1,1.99
513,Kiama,AU,2021-07-23 20:06:14,-34.6833,150.8667,52.57,89,97,5.97
514,Port Moresby,PG,2021-07-23 20:06:15,-9.4431,147.1797,73.9,92,60,4.99
515,Constanza,DE,2021-07-23 20:05:03,47.6603,9.1758,74.32,74,91,1.99
516,Ouesso,CG,2021-07-23 20:06:16,1.6136,16.0517,72.12,89,92,2.44
517,Lulea,SE,2021-07-23 20:06:16,65.5842,22.1547,57.27,54,40,5.75
518,Alexandria,EG,2021-07-23 20:02:06,31.2156,29.9553,79.63,63,0,18.95
519,La Maddalena,IT,2021-07-23 20:06:17,41.2142,9.4083,78.85,70,0,4.83
520,Kazachinskoye,RU,2021-07-23 20:06:17,57.6953,93.2761,58.78,82,0,4.05
521,Huambo,AO,2021-07-23 20:06:18,-12.7761,15.7392,56.53,21,70,4.43
522,Porto Walter,BR,2021-07-23 20:06:18,-8.2686,-72.7439,92.32,27,13,2.73
523,Rizhao,CN,2021-07-23 20:06:18,35.4275,119.4553,75.43,92,92,5.64
524,Boa Vista,BR,2021-07-23 20:06:19,2.8197,-60.6733,87.78,55,40,5.75
525,Fontaine,FR,2021-07-23 20:06:19,45.1984,5.6827,82.78,72,90,5.41
526,Luau,AO,2021-07-23 20:06:20,-10.7073,22.2247,65.89,36,55,4.76
527,Camapua,BR,2021-07-23 20:06:20,-19.5314,-54.0439,90.12,18,0,11.14
528,Myingyan,MM,2021-07-23 20:06:21,21.4667,95.3833,80.31,81,43,11.54
529,Japura,ID,2021-07-23 20:06:21,-0.3167,102.35,75.27,92,100,2.73
530,Jian,CN,2021-07-23 20:06:21,27.1172,114.9793,75.87,93,6,6.62
531,Stornoway,GB,2021-07-23 20:06:22,58.2093,-6.3865,62.92,88,0,8.05
532,Lawton,US,2021-07-23 20:05:09,34.6087,-98.3903,93.67,52,20,13.8
533,Pochutla,MX,2021-07-23 20:06:22,15.7432,-96.4661,92.82,49,34,8.03
534,Alytus,LT,2021-07-23 20:06:23,54.4,24.05,66.11,87,9,5.53
535,Lata,PT,2021-07-23 20:02:36,40.1629,-8.3327,65.91,80,86,5.12
536,Torrington,US,2021-07-23 20:04:13,41.8007,-73.1212,81.79,53,85,5.84
537,Tsiroanomandidy,MG,2021-07-23 20:06:23,-18.7667,46.0333,59.38,66,9,1.23
538,Adre,TD,2021-07-23 20:06:24,13.4667,22.2,78.73,65,55,11.7
539,Namibe,AO,2021-07-23 20:06:24,-15.1961,12.1522,65.75,93,16,4.21
540,Diamantino,BR,2021-07-23 20:06:24,-14.4086,-56.4461,94.73,19,0,7.36
541,Virginia Beach,US,2021-07-23 20:02:17,36.8529,-75.978,87.04,45,45,5.46
542,Arman,RU,2021-07-23 20:06:25,59.7,150.1667,54.14,94,98,2.37
543,Werda,BW,2021-07-23 20:06:25,-25.2667,23.2833,43.18,21,0,8.16
544,Hofn,IS,2021-07-23 20:06:26,64.2539,-15.2082,53.31,98,100,6.6
545,Christchurch,NZ,2021-07-23 20:04:49,-43.5333,172.6333,32.2,100,2,4.61
546,Parad,HU,2021-07-23 20:06:26,47.9232,20.0297,69.67,50,96,1.7
547,Knyaze-Volkonskoye,RU,2021-07-23 20:06:27,48.4642,135.4567,75.54,77,99,4.45
548,Neuquen,AR,2021-07-23 20:06:27,-38.9516,-68.0591,60.01,34,82,13.51
549,Sao Filipe,CV,2021-07-23 20:02:10,14.8961,-24.4956,73.6,77,7,11.01
550,Nanortalik,GL,2021-07-23 20:01:55,60.1432,-45.2371,43.5,84,39,13.4
551,Bida,NG,2021-07-23 20:06:28,9.0833,6.0167,74.34,89,100,1.07
552,San Cristobal,VE,2021-07-23 20:00:55,7.7669,-72.225,77.97,68,100,6.11
553,Asfi,MA,2021-07-23 20:06:29,32.2994,-9.2372,73.08,71,54,28.48
554,Sarkand,KZ,2021-07-23 20:06:29,45.41,79.9186,71.55,37,4,8.32
555,Porangatu,BR,2021-07-23 20:03:48,-13.4408,-49.1486,88.52,25,92,7.47
556,Kencong,ID,2021-07-23 20:06:30,-8.2833,113.3667,72.18,85,7,2.55
557,Methoni,GR,2021-07-23 20:06:30,36.8197,21.7049,80.22,76,36,5.82
558,Sungaipenuh,ID,2021-07-23 20:06:31,-2.0833,101.3833,64.29,93,100,1.23
559,Eenhana,NA,2021-07-23 20:06:31,-17.4667,16.3333,54.25,13,0,8.08
560,Maroantsetra,MG,2021-07-23 20:06:32,-15.4333,49.7333,68.85,84,49,3.49
